date,"Bacon, sliced, per lb. (453.6 gm)","Bananas, per lb. (453.6 gm)","Bread, white, pan, per lb. (453.6 gm)","Chicken, fresh, whole, per lb. (453.6 gm)","Coffee, 100%, ground roast, all sizes, per lb. (453.6 gm)","Eggs, grade A, large, per doz.",Electricity per KWH,"Flour, white, all purpose, per lb. (453.6 gm)",Fuel oil #2 per gallon (3.785 liters),"Gasoline, all types, per gallon/3.785 liters","Gasoline, unleaded regular, per gallon/3.785 liters","Milk, fresh, whole, fortified, per gal. (3.8 lit)","Oranges, Navel, per lb. (453.6 gm)","Rice, white, long grain, uncooked, per lb. (453.6 gm)","Tomatoes, field grown, per lb. (453.6 gm)"
1976-01-01,,,,,,,,,,,0.605,,,,
1976-02-01,,,,,,,,,,,0.6,,,,
1976-03-01,,,,,,,,,,,0.594,,,,
1976-04-01,,,,,,,,,,,0.592,,,,
1976-05-01,,,,,,,,,,,0.6,,,,
1976-06-01,,,,,,,,,,,0.616,,,,
1976-07-01,,,,,,,,,,,0.623,,,,
1976-08-01,,,,,,,,,,,0.628,,,,
1976-09-01,,,,,,,,,,,0.63,,,,
1976-10-01,,,,,,,,,,,0.629,,,,
1976-11-01,,,,,,,,,,,0.629,,,,
1976-12-01,,,,,,,,,,,0.626,,,,
1977-01-01,,,,,,,,,,,0.627,,,,
1977-02-01,,,,,,,,,,,0.637,,,,
1977-03-01,,,,,,,,,,,0.643,,,,
1977-04-01,,,,,,,,,,,0.651,,,,
1977-05-01,,,,,,,,,,,0.659,,,,
1977-06-01,,,,,,,,,,,0.665,,,,
1977-07-01,,,,,,,,,,,0.667,,,,
1977-08-01,,,,,,,,,,,0.667,,,,
1977-09-01,,,,,,,,,,,0.666,,,,
1977-10-01,,,,,,,,,,,0.665,,,,
1977-11-01,,,,,,,,,,,0.664,,,,
1977-12-01,,,,,,,,,,,0.665,,,,
1978-01-01,,,,,,,,,,0.631,0.648,,,,
1978-02-01,,,,,,,,,,0.629,0.647,,,,
1978-03-01,,,,,,,,,,0.629,0.647,,,,
1978-04-01,,,,,,,,,,0.631,0.649,,,,
1978-05-01,,,,,,,,,,0.637,0.655,,,,
1978-06-01,,,,,,,,,,0.645,0.663,,,,
1978-07-01,,,,,,,,,,0.655,0.674,,,,
1978-08-01,,,,,,,,,,0.663,0.682,,,,
1978-09-01,,,,,,,,,,0.669,0.688,,,,
1978-10-01,,,,,,,,,,0.671,0.69,,,,
1978-11-01,,,,,,,0.046,,0.533,0.676,0.695,,,,
1978-12-01,,,,,,,0.046,,0.545,0.685,0.705,,,,
1979-01-01,,,,,,,0.046,,0.555,0.695,0.716,,,,
1979-02-01,,,,,,,0.047,,0.577,0.707,0.73,,,,
1979-03-01,,,,,,,0.047,,0.605,0.733,0.755,,,,
1979-04-01,,,,,,,0.048,,0.627,0.78,0.802,,,,
1979-05-01,,,,,,,0.049,,0.656,0.823,0.844,,,,
1979-06-01,,,,,,,0.052,,0.709,0.88,0.901,,,,
1979-07-01,,,,,,,0.053,,0.752,0.93,0.949,,,,
1979-08-01,,,,,,,0.053,,0.8,0.967,0.988,,,,
1979-09-01,,,,,,,0.053,,0.848,0.998,1.02,,,,
1979-10-01,,,,,,,0.053,,0.856,1.006,1.028,,,,
1979-11-01,,,,,,,0.051,,0.867,1.019,1.041,,,,
1979-12-01,,,,,,,0.052,,0.883,1.042,1.065,,,,
1980-01-01,1.453,0.319,0.501,0.699,3.208,0.879,0.053,0.203,0.929,1.11,1.131,,0.339,0.484,0.703
1980-02-01,1.41,0.345,0.507,0.673,3.258,0.774,0.055,0.205,0.977,1.186,1.207,,0.337,0.488,0.586
1980-03-01,1.361,0.355,0.502,0.655,3.248,0.812,0.056,0.211,1.006,1.23,1.252,,0.352,0.489,0.642
1980-04-01,1.323,0.353,0.507,0.638,3.209,0.797,0.056,0.206,1.01,1.242,1.264,,0.349,0.511,0.634
1980-05-01,1.266,0.357,0.504,0.628,3.2,0.737,0.058,0.207,1.011,1.244,1.266,,0.36,0.51,0.737
1980-06-01,1.271,0.348,0.503,0.64,3.181,0.731,0.063,0.21,1.017,1.246,1.269,,,0.521,0.745
1980-07-01,1.371,0.332,0.511,0.71,3.233,0.776,0.064,0.214,1.022,1.247,1.271,,,0.523,0.683
1980-08-01,1.469,0.335,0.507,0.751,3.23,0.907,0.064,0.215,1.021,1.243,1.267,,,0.518,0.646
1980-09-01,1.617,0.335,0.511,0.791,3.159,0.898,0.065,0.214,1.019,1.231,1.257,,,0.517,0.679
1980-10-01,1.641,0.335,0.514,0.792,3.053,0.867,0.063,0.212,1.013,1.223,1.25,,,0.519,0.764
1980-11-01,1.684,0.339,0.519,0.766,2.913,0.917,0.061,0.211,1.025,1.222,1.25,,,0.52,0.603
1980-12-01,1.711,0.349,0.519,0.76,2.818,1.031,0.062,0.211,1.066,1.231,1.258,,0.451,0.539,0.662
1981-01-01,1.668,0.343,0.531,0.749,2.777,0.943,0.063,0.217,1.15,1.269,1.298,,0.4,0.551,0.792
1981-02-01,1.638,0.366,0.533,0.759,2.595,0.924,0.064,0.222,1.26,1.353,1.382,,0.399,0.554,1.016
1981-03-01,1.596,0.377,0.538,0.755,2.557,0.875,0.065,0.224,1.29,1.388,1.417,,0.392,0.563,1.166
1981-04-01,1.53,0.377,0.519,0.734,2.562,0.904,0.066,0.225,1.28,1.381,1.412,,0.398,0.572,1.201
1981-05-01,1.548,0.379,0.525,0.706,2.538,0.836,0.067,0.227,1.267,1.37,1.4,,0.368,0.575,0.607
1981-06-01,1.601,0.369,0.523,0.717,2.517,0.852,0.071,0.228,1.259,1.362,1.391,,0.387,0.572,0.639
1981-07-01,1.665,0.341,0.521,0.767,2.512,0.86,0.073,0.228,1.251,1.353,1.382,,,0.574,0.614
1981-08-01,1.693,0.351,0.519,0.752,2.492,0.868,0.075,0.23,1.246,1.348,1.376,,,0.577,0.659
1981-09-01,1.753,0.358,0.524,0.728,2.46,0.915,0.074,0.225,1.239,1.358,1.376,,,0.567,0.604
1981-10-01,1.78,0.364,0.521,0.712,2.451,0.898,0.072,0.226,1.232,1.353,1.371,,,0.556,0.652
1981-11-01,1.766,0.355,0.527,0.702,2.408,0.943,0.071,0.221,1.235,1.351,1.369,,,0.55,0.646
1981-12-01,1.751,0.364,0.521,0.7,2.457,0.966,0.071,0.218,1.247,1.348,1.365,,0.39,0.545,0.642
1982-01-01,1.747,0.364,0.537,0.712,2.475,0.925,0.073,0.224,1.254,1.341,1.358,,0.402,0.545,0.763
1982-02-01,1.811,0.359,0.534,0.726,2.552,1.007,0.073,0.226,1.248,1.318,1.334,,0.425,0.547,0.901
1982-03-01,1.824,0.373,0.526,0.715,2.564,0.952,0.075,0.223,1.208,1.268,1.284,,0.433,0.516,0.778
1982-04-01,1.894,0.38,0.526,0.712,2.585,0.896,0.075,0.22,1.162,1.21,1.225,,0.447,0.504,0.664
1982-05-01,1.982,0.372,0.529,0.72,2.567,0.842,0.075,0.228,1.171,1.224,1.237,,,0.508,0.694
1982-06-01,2.07,0.381,0.525,0.732,2.527,0.783,0.079,0.227,1.194,1.296,1.309,,,0.499,0.869
1982-07-01,2.101,0.344,0.534,0.74,2.502,0.851,0.079,0.232,1.2,1.318,1.331,,,0.496,0.837
1982-08-01,2.2,0.332,0.534,0.717,2.515,0.778,0.079,0.227,1.195,1.31,1.323,,,0.494,0.584
1982-09-01,2.36,0.343,0.536,0.713,2.517,0.852,0.079,0.223,1.191,1.292,1.307,,,0.491,0.548
1982-10-01,2.334,0.317,0.534,0.7,2.5,0.854,0.077,0.221,1.214,1.28,1.295,,,0.488,0.633
1982-11-01,2.186,0.344,0.534,0.694,2.481,0.849,0.074,0.216,1.237,1.268,1.283,,,0.487,0.744
1982-12-01,2.128,0.337,0.537,0.682,2.501,0.813,0.075,0.216,1.229,1.244,1.26,,0.458,0.482,0.849
1983-01-01,2.123,0.332,0.541,0.689,2.528,0.821,0.075,0.217,1.194,1.214,1.23,,0.39,0.486,0.726
1983-02-01,2.147,0.352,0.544,0.699,2.519,0.794,0.075,0.214,1.16,1.17,1.187,,0.384,0.473,0.814
1983-03-01,2.072,0.357,0.544,0.698,2.478,0.836,0.076,0.211,1.101,1.135,1.152,,0.386,0.468,1.081
1983-04-01,2.003,0.416,0.538,0.676,2.466,0.825,0.075,0.213,1.07,1.198,1.215,,0.395,0.47,1.011
1983-05-01,1.951,0.438,0.542,0.687,2.459,0.865,0.077,0.216,1.089,1.243,1.259,,0.387,0.468,0.95
1983-06-01,1.91,0.449,0.542,0.699,2.47,0.825,0.081,0.223,1.087,1.261,1.277,,0.4,0.469,0.797
1983-07-01,1.918,0.462,0.544,0.724,2.454,0.847,0.082,0.223,1.083,1.272,1.288,,,0.475,0.732
1983-08-01,1.876,0.403,0.539,0.74,2.451,0.884,0.082,0.227,1.083,1.269,1.285,,,0.468,0.584
1983-09-01,1.914,0.394,0.536,0.769,2.438,0.938,0.082,0.223,1.087,1.257,1.274,,,0.475,0.621
1983-10-01,1.857,0.385,0.535,0.737,2.432,0.962,0.08,0.219,1.089,1.239,1.255,,,0.473,0.709
1983-11-01,1.773,0.327,0.547,0.766,2.454,0.996,0.077,0.217,1.086,1.224,1.241,,,0.474,0.726
1983-12-01,1.758,0.315,0.547,0.812,2.437,1.131,0.077,0.211,1.085,1.215,1.231,,0.368,0.479,0.663
1984-01-01,1.812,0.344,0.543,0.839,2.495,1.301,0.078,0.213,1.122,1.2,1.216,,0.368,0.484,0.854
1984-02-01,1.881,0.373,0.541,0.867,2.546,1.324,0.079,0.216,1.22,1.193,1.209,,0.349,0.485,0.998
1984-03-01,1.803,0.373,0.542,0.848,2.546,1.153,0.079,0.216,1.158,1.194,1.21,,0.364,0.476,0.973
1984-04-01,1.798,0.389,0.536,0.844,2.549,1.199,0.08,0.215,1.137,1.211,1.227,,0.371,0.471,0.839
1984-05-01,1.817,0.354,0.541,0.811,2.567,1.054,0.081,0.215,1.134,1.221,1.236,,0.417,0.471,0.766
1984-06-01,1.832,0.391,0.542,0.817,2.598,0.903,0.086,0.217,1.127,1.214,1.229,,,0.477,0.778
1984-07-01,1.901,0.386,0.541,0.829,2.609,0.876,0.087,0.219,1.109,1.197,1.212,,,0.484,0.692
1984-08-01,1.902,0.362,0.543,0.788,2.606,0.86,0.089,0.215,1.088,1.184,1.196,,,0.479,0.901
1984-09-01,1.889,0.35,0.539,0.79,2.617,0.854,0.084,0.212,1.081,1.189,1.203,,,0.478,0.741
1984-10-01,1.895,0.341,0.54,0.764,2.616,0.842,0.081,0.211,1.091,1.195,1.209,,,0.48,0.744
1984-11-01,1.867,0.333,0.543,0.771,2.594,0.823,0.079,0.208,1.089,1.193,1.207,,0.572,0.479,0.724
1984-12-01,1.89,0.317,0.544,0.753,2.593,0.867,0.078,0.204,1.085,1.179,1.193,,0.523,0.472,0.678
1985-01-01,1.952,0.35,0.551,0.773,2.585,0.746,0.079,0.212,1.078,1.145,1.148,,0.526,0.475,0.697
1985-02-01,1.966,0.378,0.544,0.772,2.594,0.784,0.079,0.213,1.085,1.128,1.131,,0.525,0.472,0.84
1985-03-01,1.956,0.394,0.544,0.769,2.621,0.79,0.079,0.212,1.081,1.155,1.159,,0.505,0.476,0.945
1985-04-01,1.948,0.422,0.544,0.764,2.603,0.783,0.08,0.211,1.087,1.199,1.205,,0.528,0.475,1.194
1985-05-01,1.928,0.392,0.542,0.745,2.606,0.745,0.08,0.215,1.082,1.223,1.231,,0.614,0.472,0.681
1985-06-01,1.894,0.399,0.546,0.761,2.614,0.724,0.085,0.216,1.063,1.233,1.241,,,0.467,0.624
1985-07-01,1.951,0.348,0.556,0.753,2.59,0.787,0.085,0.216,1.04,1.233,1.242,,,0.471,0.665
1985-08-01,1.96,0.361,0.553,0.757,2.564,0.789,0.085,0.216,1.024,1.222,1.229,,,0.473,0.642
1985-09-01,1.926,0.376,0.561,0.762,2.563,0.857,,0.212,,1.209,1.216,,,0.473,0.616
1985-10-01,1.945,0.346,0.566,0.749,2.573,0.86,0.082,0.211,1.068,1.198,1.204,,,0.468,0.673
1985-11-01,1.932,0.316,0.564,0.778,2.549,0.872,0.08,0.207,1.119,1.201,1.207,,,0.466,0.808
1985-12-01,1.918,0.321,0.568,0.776,2.505,0.906,0.08,0.202,1.143,1.203,1.208,,0.499,0.45,0.953
1986-01-01,1.935,0.337,0.566,0.766,2.737,0.901,0.081,0.207,1.126,1.19,1.194,,0.483,0.456,1.104
1986-02-01,1.956,0.378,0.563,0.771,3.554,0.866,0.075,0.209,1.011,1.119,1.12,,0.452,0.455,0.752
1986-03-01,1.892,0.402,0.56,0.767,3.74,0.887,0.075,0.208,0.937,0.983,0.981,,0.451,0.453,0.773
1986-04-01,1.871,0.464,0.561,0.752,3.706,0.89,0.074,0.206,0.875,0.895,0.888,,0.463,0.453,0.805
1986-05-01,1.869,0.461,0.562,0.769,3.655,0.82,0.074,0.211,0.83,0.927,0.923,,0.499,0.451,0.879
1986-06-01,1.953,0.376,0.569,0.795,3.646,0.795,0.08,0.214,0.806,0.958,0.955,,,0.446,0.802
1986-07-01,2.157,0.371,0.564,0.889,3.594,0.833,0.08,0.214,0.751,0.895,0.89,,,0.453,0.737
1986-08-01,2.332,0.369,0.57,0.958,3.462,0.913,0.08,0.215,0.726,0.848,0.843,,,0.443,0.686
1986-09-01,2.373,0.384,0.566,0.91,3.315,0.868,0.08,0.211,0.736,0.864,0.86,,,0.434,0.674
1986-10-01,2.298,0.372,0.565,0.9,3.269,0.855,0.074,0.208,0.733,0.837,0.831,,,0.436,0.811
1986-11-01,2.187,0.371,0.564,0.878,3.268,0.897,0.073,0.2,0.733,0.827,0.821,,0.519,0.432,0.919
1986-12-01,2.159,0.333,0.566,0.865,3.247,0.91,0.073,0.198,0.75,0.83,0.823,,0.498,0.434,0.943
1987-01-01,2.118,,0.544,0.821,3.192,0.862,0.075,0.202,0.817,0.868,0.862,,,0.416,
1987-02-01,2.091,,0.539,0.832,3.087,0.823,0.076,0.211,0.851,0.911,0.905,,,0.411,
1987-03-01,2.095,0.376,0.541,0.804,2.96,0.8,0.076,0.202,0.843,0.918,0.912,,0.499,0.394,0.76
1987-04-01,2.076,0.381,0.542,0.792,2.865,0.786,0.076,0.202,0.843,0.94,0.934,,0.491,0.398,0.82
1987-05-01,2.112,0.357,0.54,0.782,2.777,0.763,0.076,0.208,0.839,0.948,0.941,,0.529,0.395,0.788
1987-06-01,2.126,0.39,0.533,0.771,2.737,0.711,0.084,0.208,0.841,0.966,0.958,,,0.393,0.883
1987-07-01,2.231,0.35,0.544,0.755,2.709,0.763,0.084,0.213,0.842,0.98,0.971,,,0.391,0.816
1987-08-01,2.284,0.367,0.546,0.785,2.636,0.73,0.085,0.211,0.85,1.004,0.995,,,0.403,0.664
1987-09-01,2.28,0.363,0.551,0.793,2.654,0.837,0.084,0.207,0.852,1,0.99,,,0.395,0.735
1987-10-01,2.193,0.346,0.559,0.791,2.67,0.778,0.078,0.203,0.863,0.988,0.976,,,0.395,0.777
1987-11-01,2.071,0.343,0.559,0.756,2.581,0.805,0.077,0.2,0.888,0.987,0.976,,0.678,0.405,0.992
1987-12-01,2.02,0.375,0.571,0.736,2.553,0.733,0.077,0.198,0.889,0.975,0.961,,0.519,0.422,0.996
1988-01-01,1.954,0.374,0.586,0.74,2.635,0.76,0.078,0.202,0.89,0.947,0.933,,0.501,0.446,0.871
1988-02-01,1.94,0.415,0.586,0.745,2.665,0.718,0.078,0.199,0.888,0.928,0.913,,0.496,0.462,0.856
1988-03-01,1.919,0.413,0.587,0.753,2.634,0.74,0.078,0.202,0.881,0.92,0.904,,0.496,0.468,0.744
1988-04-01,1.907,0.423,0.595,0.76,2.699,0.719,0.077,0.199,0.876,0.946,0.93,,0.504,0.488,0.902
1988-05-01,1.9,0.422,0.598,0.796,2.729,0.678,0.077,0.208,0.874,0.97,0.955,,0.599,0.497,0.859
1988-06-01,1.904,0.501,0.601,0.868,2.735,0.705,0.084,0.21,0.862,0.971,0.955,,,0.492,0.765
1988-07-01,1.908,0.433,0.602,0.937,2.784,0.803,0.084,0.215,0.832,0.984,0.967,,,0.507,0.798
1988-08-01,1.879,0.397,0.619,0.961,2.834,0.909,0.084,0.227,0.822,1.004,0.987,,,0.506,0.819
1988-09-01,1.835,0.389,0.636,0.975,2.84,0.874,0.084,0.233,0.817,0.992,0.974,,,0.503,0.874
1988-10-01,1.86,0.421,0.642,0.932,2.855,0.896,0.08,0.231,0.79,0.976,0.957,,,0.475,0.853
1988-11-01,1.802,0.423,0.645,0.892,2.892,0.839,0.078,0.22,0.798,0.972,0.949,,,0.485,0.856
1988-12-01,1.792,0.407,0.657,0.885,2.925,0.833,0.078,0.223,0.826,0.953,0.93,,0.562,0.484,0.812
1989-01-01,1.805,0.394,0.653,0.905,2.964,0.941,0.079,0.228,0.883,0.944,0.918,,0.521,0.489,0.797
1989-02-01,1.799,0.415,0.652,0.899,3.052,0.89,0.079,0.233,0.888,0.955,0.926,,0.464,0.495,1.051
1989-03-01,1.787,0.45,0.654,0.913,3.039,1.031,0.079,0.234,0.891,0.974,0.94,,0.471,0.488,0.891
1989-04-01,1.747,0.523,0.655,0.932,3.115,0.997,0.079,0.238,0.904,1.098,1.065,,0.511,0.482,0.97
1989-05-01,1.68,0.522,0.655,0.961,3.163,0.956,0.08,0.241,0.887,1.152,1.119,,0.534,0.485,1.323
1989-06-01,1.692,0.479,0.664,0.982,3.167,0.937,0.086,0.246,0.867,1.15,1.114,,,0.486,0.873
1989-07-01,1.71,0.456,0.671,0.964,3.225,0.961,0.086,0.254,0.857,1.132,1.092,,,0.514,0.847
1989-08-01,1.721,0.434,0.674,0.954,3.171,0.983,0.086,0.258,0.846,1.096,1.057,,,0.509,0.797
1989-09-01,1.716,0.428,0.671,0.942,3.098,1.038,0.086,0.256,0.85,1.073,1.029,,,0.52,0.777
1989-10-01,1.768,0.432,0.674,0.91,3.038,1.023,0.081,0.255,0.887,1.071,1.027,,,0.513,0.836
1989-11-01,1.82,0.435,0.676,0.879,2.903,1.08,0.08,0.248,0.913,1.046,0.999,,0.585,0.497,0.884
1989-12-01,1.956,0.416,0.688,0.883,2.937,1.137,0.081,0.244,0.978,1.03,0.98,,0.528,0.504,0.898
1990-01-01,1.966,0.429,0.689,0.882,2.917,1.223,0.081,0.253,1.259,1.09,1.042,,0.501,0.501,1.735
1990-02-01,2.009,0.492,0.701,0.896,2.965,1.041,0.081,0.249,1.023,1.086,1.037,,0.58,0.476,2.361
1990-03-01,1.991,0.5,0.68,0.928,2.891,1.111,0.081,0.252,0.987,1.076,1.023,,0.57,0.502,1.765
1990-04-01,1.979,0.481,0.686,0.897,2.885,1.092,0.082,0.251,0.968,1.096,1.044,,0.56,0.497,0.732
1990-05-01,2.044,0.462,0.678,0.902,2.938,0.94,0.082,0.254,0.952,1.114,1.061,,0.578,0.496,0.697
1990-06-01,2.147,0.447,0.687,0.928,2.977,0.93,0.088,0.259,0.909,1.14,1.088,,0.621,0.494,0.792
1990-07-01,2.21,0.529,0.685,0.917,3.054,0.899,0.087,0.26,0.88,1.139,1.084,,,0.494,0.777
1990-08-01,2.243,0.463,0.713,0.912,3.027,0.954,0.087,0.255,0.998,1.246,1.19,,,0.497,0.765
1990-09-01,2.176,0.465,0.7,0.907,3.025,0.946,0.088,0.249,1.165,1.347,1.294,,,0.505,0.773
1990-10-01,2.208,0.432,0.706,0.883,3.03,1.012,0.083,0.244,1.33,1.431,1.378,,,0.497,0.846
1990-11-01,2.242,0.429,0.71,0.88,2.945,1.018,0.082,0.235,1.305,1.432,1.377,,0.585,0.507,0.862
1990-12-01,2.283,0.43,0.7,0.858,2.941,1.001,0.082,0.236,1.273,1.41,1.354,,0.563,0.491,0.858
1991-01-01,2.257,0.438,0.705,0.886,2.945,1.106,0.084,0.244,1.235,1.304,1.247,,0.823,0.494,0.912
1991-02-01,2.301,0.485,0.701,0.903,2.971,0.987,0.084,0.235,1.17,1.198,1.143,,0.93,0.492,0.84
1991-03-01,2.318,0.577,0.702,0.899,2.894,1.069,0.085,0.235,1.086,1.138,1.082,,,0.498,0.948
1991-04-01,2.271,0.547,0.701,0.885,2.924,1.002,0.084,0.237,1.016,1.159,1.104,,,0.502,1.21
1991-05-01,2.311,0.584,0.705,0.883,2.879,0.908,0.085,0.235,0.968,1.209,1.156,,,0.502,1.457
1991-06-01,2.305,0.532,0.705,0.878,2.866,0.884,0.09,0.237,0.945,1.214,1.16,,,0.506,1.672
1991-07-01,2.309,0.516,0.7,0.888,2.805,0.966,0.091,0.239,0.926,1.185,1.127,,,0.503,1.166
1991-08-01,2.219,0.416,0.714,0.869,2.724,1.024,0.09,0.238,0.927,1.196,1.14,,,0.494,0.795
1991-09-01,2.16,0.432,0.717,0.874,2.692,0.987,0.091,0.232,0.942,1.199,1.143,,,0.506,0.759
1991-10-01,2.121,0.395,0.72,0.878,2.706,0.976,0.087,0.23,0.966,1.18,1.122,,,0.508,0.714
1991-11-01,2.071,0.431,0.731,0.857,2.673,0.95,0.084,0.218,1.02,1.193,1.134,,0.731,0.517,0.813
1991-12-01,1.994,0.419,0.717,0.864,2.625,1.012,0.085,0.223,1.017,1.182,1.123,,0.652,0.51,0.793
1992-01-01,1.957,0.428,0.726,0.878,2.668,0.933,0.085,0.241,0.985,1.135,1.073,,0.643,0.516,0.936
1992-02-01,1.954,0.493,0.73,0.849,2.688,0.881,0.084,0.244,0.975,1.117,1.054,,0.616,0.515,1.43
1992-03-01,1.922,0.517,0.747,0.859,2.631,0.85,0.086,0.239,0.961,1.122,1.058,,0.563,0.515,1.729
1992-04-01,1.915,0.484,0.746,0.861,2.612,0.829,0.086,0.238,0.951,1.143,1.079,,0.537,0.522,1.623
1992-05-01,1.904,0.445,0.752,0.854,2.66,0.836,0.087,0.245,0.952,1.197,1.136,,0.573,0.524,0.828
1992-06-01,1.926,0.463,0.757,0.861,2.625,0.801,0.092,0.244,0.954,1.239,1.179,,,0.52,0.747
1992-07-01,1.937,0.431,0.771,0.878,2.645,0.827,0.092,0.252,0.947,1.237,1.174,,,0.54,0.801
1992-08-01,1.938,0.509,0.776,0.882,2.613,0.809,0.091,0.256,0.943,1.221,1.158,,,0.537,0.802
1992-09-01,1.925,0.459,0.756,0.881,2.537,0.873,0.092,0.249,0.945,1.222,1.158,,,0.542,0.765
1992-10-01,1.892,0.442,0.752,0.865,2.492,0.858,0.088,0.241,0.969,1.219,1.154,,,0.543,1.001
1992-11-01,1.85,0.422,0.747,0.885,2.391,0.897,0.086,0.234,0.978,1.223,1.159,,0.571,0.536,1.242
1992-12-01,1.863,0.404,0.738,0.879,2.364,0.928,0.088,0.233,0.971,1.201,1.136,,0.516,0.525,1.227
1993-01-01,1.874,0.426,0.748,0.875,2.352,0.898,0.089,0.242,0.969,1.182,1.117,,0.514,0.526,1.141
1993-02-01,1.84,0.475,0.751,0.871,2.452,0.895,0.087,0.242,0.973,1.172,1.108,,0.506,0.53,1.098
1993-03-01,1.802,0.475,0.742,0.879,2.462,0.927,0.088,0.238,0.977,1.163,1.098,,0.506,0.525,0.88
1993-04-01,1.892,0.483,0.744,0.874,2.477,0.997,0.088,0.23,0.977,1.175,1.112,,0.521,0.522,1.016
1993-05-01,1.91,0.472,0.752,0.888,2.514,0.895,0.09,0.239,0.963,1.193,1.129,,0.549,0.518,1.553
1993-06-01,1.949,0.446,0.752,0.891,2.533,0.921,0.094,0.238,0.95,1.194,1.13,,,0.518,1.278
1993-07-01,1.955,0.448,0.762,0.89,2.548,0.9,0.095,0.237,0.937,1.174,1.109,,,0.527,0.824
1993-08-01,1.954,0.422,0.745,0.896,2.5,0.929,0.097,0.238,0.906,1.163,1.097,,,0.507,0.856
1993-09-01,1.982,0.395,0.748,0.897,2.493,0.89,0.097,0.232,0.907,1.151,1.085,,,0.494,1.092
1993-10-01,1.988,0.405,0.75,0.893,2.415,0.897,0.093,0.228,0.924,1.193,1.127,,,0.495,0.944
1993-11-01,2.008,0.404,0.771,0.918,2.433,0.917,0.091,0.227,0.927,1.178,1.113,,0.694,0.49,1.01
1993-12-01,2.018,0.414,0.76,0.91,2.48,0.871,0.09,0.222,0.914,1.136,1.07,,0.556,0.495,1.313
1994-01-01,2.041,0.44,0.768,0.899,2.53,0.917,0.09,0.233,0.919,1.109,1.043,,0.505,0.515,1.604
1994-02-01,2.019,0.514,0.756,0.888,2.529,0.903,0.09,0.23,0.978,1.114,1.051,,0.496,0.543,1.112
1994-03-01,2.017,0.5,0.755,0.891,2.515,0.926,0.089,0.226,0.966,1.109,1.045,,0.52,0.556,0.914
1994-04-01,2.063,0.469,0.765,0.899,2.516,0.861,0.088,0.226,0.935,1.128,1.064,,0.549,0.575,0.951
1994-05-01,2.016,0.469,0.765,0.902,2.535,0.801,0.09,0.229,0.919,1.143,1.08,,0.618,0.562,0.949
1994-06-01,1.985,0.447,0.761,0.918,2.598,0.841,0.095,0.236,0.906,1.169,1.106,,,0.555,1.047
1994-07-01,2,0.452,0.759,0.92,3.341,0.815,0.095,0.236,0.898,1.199,1.136,,,0.566,0.99
1994-08-01,1.987,0.48,0.753,0.905,4.48,0.895,0.096,0.238,0.894,1.243,1.182,,,0.546,0.969
1994-09-01,1.973,0.453,0.776,0.901,4.458,0.855,0.096,0.237,0.894,1.237,1.177,,,0.534,0.958
1994-10-01,1.965,0.43,0.756,0.889,4.45,0.81,0.093,0.232,0.89,1.212,1.152,,,0.534,0.979
1994-11-01,1.917,0.434,0.766,0.904,4.482,0.857,0.091,0.225,0.894,1.222,1.163,,0.578,0.541,1.129
1994-12-01,1.892,0.458,0.748,0.895,4.382,0.873,0.091,0.225,0.9,1.203,1.143,,0.552,0.534,1.428
1995-01-01,1.93,0.503,0.767,0.897,4.398,0.882,0.091,0.238,0.913,1.19,1.129,,0.575,0.523,1.323
1995-02-01,1.93,0.496,0.767,0.893,4.234,0.863,0.091,0.242,0.915,1.181,1.12,,0.585,0.518,1.3
1995-03-01,1.91,0.508,0.775,0.917,4.108,0.875,0.091,0.242,0.906,1.173,1.115,,0.571,0.511,1.081
1995-04-01,1.89,0.485,0.776,0.911,4.084,0.833,0.09,0.236,0.9,1.197,1.14,,0.606,0.515,1.299
1995-05-01,1.918,0.483,0.768,0.891,4.067,0.819,0.092,0.244,0.901,1.256,1.2,,0.65,0.518,0.985
1995-06-01,1.896,0.49,0.781,0.908,4.059,0.825,0.098,0.244,0.895,1.281,1.226,,,0.518,1.102
1995-07-01,1.906,0.522,0.789,0.919,4.027,0.879,0.098,0.248,0.885,1.252,1.195,2.477,,0.519,1.252
1995-08-01,1.968,0.512,0.797,0.908,4.051,0.984,0.098,0.255,0.879,1.222,1.164,2.482,,0.526,0.938
1995-09-01,2.042,0.49,0.808,0.939,3.996,0.956,0.097,0.256,0.87,1.206,1.148,2.459,,0.523,0.95
1995-10-01,2.117,0.471,0.809,0.93,3.865,0.981,0.094,0.254,0.873,1.185,1.127,2.473,,0.535,1.041
1995-11-01,2.155,0.462,0.821,0.948,3.814,1.037,0.092,0.243,0.879,1.161,1.101,2.493,0.742,0.535,1.097
1995-12-01,2.166,0.454,0.837,0.939,3.752,1.16,0.091,0.243,0.905,1.16,1.101,2.518,0.643,0.553,1.507
1996-01-01,2.138,0.463,0.86,0.941,3.577,1.155,0.091,0.262,1.007,1.186,1.129,2.546,0.561,0.552,1.103
1996-02-01,2.203,0.501,0.858,0.94,3.59,1.091,0.091,0.262,1.001,1.181,1.124,2.541,0.559,0.552,1.084
1996-03-01,2.202,0.539,0.852,0.933,3.55,1.138,0.092,0.274,1.02,1.219,1.162,2.539,0.565,0.556,1.467
1996-04-01,2.242,0.505,0.865,0.947,3.527,1.086,0.092,0.266,1.065,1.305,1.251,2.537,0.62,0.538,1.867
1996-05-01,2.345,0.512,0.869,0.949,3.444,1.021,0.092,0.281,1.038,1.378,1.323,2.532,0.716,0.548,1.379
1996-06-01,2.493,0.498,0.886,0.968,3.438,0.945,0.096,0.297,0.969,1.354,1.299,2.599,,0.537,1.127
1996-07-01,2.542,0.498,0.889,0.972,3.38,1.042,0.099,0.308,0.935,1.328,1.272,2.649,,0.537,1.031
1996-08-01,2.682,0.478,0.915,0.99,3.39,1.072,0.099,0.314,0.934,1.298,1.24,2.666,,0.541,1.006
1996-09-01,2.809,0.458,0.886,1.006,3.333,1.15,0.099,0.308,0.98,1.293,1.234,2.666,,0.54,0.98
1996-10-01,2.721,0.465,0.873,1.021,3.344,1.129,0.095,0.293,1.063,1.287,1.227,2.73,,0.555,1.084
1996-11-01,2.656,0.477,0.88,1.003,3.283,1.139,0.092,0.295,1.097,1.308,1.25,2.746,0.707,0.552,1.182
1996-12-01,2.642,0.481,0.875,1.002,3.307,1.308,0.092,0.292,1.121,1.318,1.26,2.727,0.593,0.546,1.21
1997-01-01,2.664,0.497,0.862,1.016,3.3,1.148,0.092,0.309,1.136,1.318,1.261,2.677,0.555,0.56,1.213
1997-02-01,2.651,0.518,0.858,1.008,3.316,1.132,0.092,0.308,1.127,1.312,1.255,2.632,0.554,0.565,1.314
1997-03-01,2.657,0.532,0.855,1.009,3.512,1.056,0.093,0.305,1.079,1.293,1.235,2.632,0.546,0.564,1.654
1997-04-01,2.66,0.512,0.855,1.002,3.894,1.081,0.092,0.304,1.046,1.288,1.231,2.606,0.598,0.558,1.348
1997-05-01,2.627,0.484,0.854,1.007,4.109,1.002,0.093,0.31,1.031,1.284,1.226,2.608,0.706,0.563,1.175
1997-06-01,2.694,0.488,0.874,0.993,4.428,0.952,0.099,0.31,1.001,1.286,1.229,2.587,,0.558,1.3
1997-07-01,2.718,0.487,0.872,1.005,4.628,0.979,0.099,0.309,0.957,1.263,1.205,2.557,,0.564,1.141
1997-08-01,2.755,0.475,0.872,0.988,4.669,1.061,0.098,0.307,0.945,1.31,1.253,2.551,,0.569,1.13
1997-09-01,2.75,0.458,0.885,0.992,4.617,1.009,0.099,0.305,0.945,1.334,1.277,2.533,,0.564,1.091
1997-10-01,2.73,0.459,0.899,0.984,4.392,1.018,0.093,0.294,0.956,1.3,1.242,2.635,,0.568,1.162
1997-11-01,2.665,0.468,0.897,1.018,4.303,1.09,0.092,0.283,0.97,1.271,1.213,2.678,0.642,0.572,1.37
1997-12-01,2.607,0.461,0.884,1.001,4.161,1.172,0.09,0.279,0.979,1.236,1.177,2.672,0.583,0.575,1.617
1998-01-01,2.644,0.473,0.855,1.022,4.025,1.12,0.086,0.299,0.966,1.186,1.131,2.632,0.525,0.546,1.452
1998-02-01,2.623,0.489,0.86,1.007,3.973,1.073,0.085,0.297,0.948,1.137,1.082,2.653,0.507,0.547,1.356
1998-03-01,2.539,0.475,0.853,1.032,4.033,1.043,0.085,0.302,0.933,1.097,1.041,2.658,0.505,0.545,1.515
1998-04-01,2.444,0.511,0.863,1.029,3.959,1.061,0.085,0.298,0.915,1.106,1.052,2.668,0.571,0.544,1.398
1998-05-01,2.438,0.51,0.866,1.032,3.878,0.96,0.086,0.308,0.903,1.146,1.092,2.666,0.672,0.541,1.472
1998-06-01,2.457,0.507,0.859,1.016,3.786,0.932,0.091,0.305,0.874,1.148,1.094,2.622,,0.536,1.393
1998-07-01,2.517,0.53,0.867,1.033,3.771,0.971,0.091,0.307,0.853,1.134,1.079,2.628,,0.54,1.515
1998-08-01,2.513,0.489,0.869,1.059,3.704,1.053,0.09,0.31,0.838,1.108,1.052,2.717,,0.536,1.312
1998-09-01,2.576,0.476,0.86,1.074,3.62,1.022,0.089,0.305,0.827,1.091,1.033,2.757,,0.544,1.241
1998-10-01,2.567,0.47,0.849,1.076,3.503,1.048,0.086,0.301,0.834,1.099,1.042,2.785,,0.542,1.573
1998-11-01,2.619,0.487,0.855,1.084,3.482,1.077,0.084,0.287,0.841,1.086,1.028,2.8,,0.539,1.689
1998-12-01,2.58,0.51,0.866,1.06,3.446,1.089,0.084,0.279,0.827,1.046,0.986,2.859,0.608,0.543,1.798
1999-01-01,2.523,0.489,0.872,1.072,3.435,1.053,0.084,0.297,0.834,1.031,0.972,2.94,0.83,0.551,1.904
1999-02-01,2.52,0.509,0.88,1.064,3.428,1.078,0.084,0.293,0.828,1.014,0.955,3.004,0.889,0.54,1.476
1999-03-01,2.507,0.506,0.883,1.057,3.476,1.005,0.084,0.289,0.828,1.048,0.991,3.003,0.869,0.544,1.395
1999-04-01,2.445,0.482,0.897,1.057,3.466,0.942,0.084,0.283,0.853,1.232,1.177,2.707,0.944,0.548,1.298
1999-05-01,2.474,0.492,0.886,1.026,3.495,0.9,0.085,0.306,0.852,1.233,1.178,2.716,,0.551,1.284
1999-06-01,2.504,0.502,0.885,1.041,3.421,0.949,0.089,0.303,0.845,1.204,1.148,2.704,,0.553,1.304
1999-07-01,2.503,0.494,0.893,1.045,3.42,0.88,0.09,0.308,0.857,1.244,1.189,2.706,,0.55,1.287
1999-08-01,2.543,0.49,0.884,1.043,3.428,1.02,0.089,0.311,0.877,1.309,1.255,2.719,,0.557,1.232
1999-09-01,2.58,0.481,0.878,1.08,3.393,0.956,0.09,0.31,0.939,1.334,1.28,2.794,,0.547,1.272
1999-10-01,2.57,0.471,0.889,1.055,3.482,0.888,0.087,0.288,0.976,1.329,1.274,2.964,,0.511,1.279
1999-11-01,2.658,0.48,0.899,1.078,3.337,0.92,0.085,0.272,1.018,1.319,1.264,2.981,0.884,0.488,1.3
1999-12-01,2.752,0.494,0.899,1.053,3.347,0.92,0.085,0.267,1.088,1.353,1.298,2.875,0.641,0.502,1.405
2000-01-01,2.75,0.49,0.907,1.059,3.54,0.975,0.084,0.286,1.189,1.356,1.301,2.785,0.607,0.499,1.443
2000-02-01,2.871,0.528,0.924,1.046,3.677,0.962,0.085,0.267,1.614,1.422,1.369,2.777,0.586,0.492,1.286
2000-03-01,2.928,0.517,0.924,1.064,3.633,0.931,0.085,0.285,1.359,1.594,1.541,2.748,0.572,0.481,1.364
2000-04-01,2.953,0.51,0.927,1.069,3.584,0.939,0.085,0.283,1.286,1.561,1.506,2.773,0.573,0.49,1.487
2000-05-01,3.006,0.509,0.915,1.052,3.531,0.852,0.085,0.302,1.263,1.552,1.498,2.782,0.638,,1.366
2000-06-01,3.132,0.506,0.915,1.069,3.431,0.838,0.09,0.305,1.249,1.666,1.617,2.763,0.699,,1.318
2000-07-01,3.168,0.512,0.935,1.089,3.446,0.868,0.091,0.305,1.25,1.642,1.593,2.781,,,1.282
2000-08-01,3.2,0.49,0.923,1.086,3.444,0.893,0.091,0.304,1.246,1.559,1.51,2.807,,,1.262
2000-09-01,3.209,0.488,0.918,1.087,3.339,0.92,0.091,0.303,1.407,1.635,1.582,2.809,,,1.319
2000-10-01,3.069,0.496,0.934,1.09,3.317,0.923,0.088,0.306,1.453,1.613,1.559,2.805,,,1.387
2000-11-01,3.053,0.479,0.953,1.065,3.243,0.902,0.086,0.262,1.477,1.608,1.555,2.753,0.725,,1.503
2000-12-01,3.028,0.487,0.987,1.078,3.212,0.959,0.086,0.275,1.528,1.544,1.489,2.785,0.624,,1.567
2001-01-01,2.994,0.5,0.982,1.091,3.224,1.011,0.088,0.304,1.509,1.525,1.472,2.852,0.638,,1.414
2001-02-01,3.065,0.496,0.994,1.09,3.217,0.943,0.088,0.307,1.463,1.538,1.484,2.847,0.66,,1.313
2001-03-01,3.159,0.51,1.02,1.103,3.205,0.886,0.089,0.312,1.394,1.503,1.447,2.76,0.646,,1.336
2001-04-01,3.114,0.492,1.008,1.101,3.128,1.028,0.089,0.276,1.367,1.617,1.564,2.845,0.735,,1.433
2001-05-01,3.256,0.509,0.995,1.095,3.097,0.881,0.09,0.31,1.343,1.812,1.729,2.893,0.793,,1.243
2001-06-01,3.253,0.506,0.989,1.106,3.156,0.92,0.097,0.313,1.322,1.731,1.64,2.911,,,1.356
2001-07-01,3.324,0.523,0.987,1.102,3.097,0.862,0.099,0.315,1.257,1.565,1.482,2.933,,,1.257
2001-08-01,3.468,0.519,0.991,1.11,3.046,0.929,0.098,0.318,1.238,1.509,1.427,2.89,,,1.185
2001-09-01,3.487,0.508,0.996,1.107,3.025,0.916,0.097,0.296,1.285,1.609,1.531,2.941,,,1.168
2001-10-01,3.338,0.503,1.01,1.115,3.015,0.916,0.093,0.309,1.227,1.442,1.362,2.954,,,1.267
2001-11-01,3.297,0.509,1.012,1.133,2.988,0.935,0.09,0.286,1.193,1.324,1.263,2.89,0.867,,1.468
2001-12-01,3.3,0.505,1.005,1.109,2.913,0.925,0.09,0.282,1.117,1.2,1.131,2.895,0.713,,1.404
2002-01-01,3.271,0.509,1.001,1.091,2.936,0.973,0.089,0.319,1.123,1.209,1.139,2.812,0.715,,1.451
2002-02-01,3.317,0.504,1.008,1.111,2.946,0.996,0.089,0.318,1.112,1.21,1.13,2.807,0.759,,1.298
2002-03-01,3.266,0.519,1.012,1.11,2.859,1.003,0.089,0.31,1.119,1.324,1.241,2.816,0.71,,1.292
2002-04-01,3.257,0.504,1.005,1.11,2.976,1.047,0.088,0.307,1.158,1.493,1.407,2.779,0.751,,1.319
2002-05-01,3.182,0.515,1.012,1.094,3.011,0.997,0.089,0.323,1.163,1.508,1.421,2.782,0.849,0.472,1.332
2002-06-01,3.193,0.512,1.011,1.066,2.938,0.975,0.095,0.325,1.136,1.489,1.404,2.768,,0.47,1.299
2002-07-01,3.231,0.517,1.015,1.077,2.977,0.99,0.095,0.32,1.127,1.496,1.412,2.747,,0.475,1.243
2002-08-01,3.269,0.499,1.012,1.035,2.929,1.053,0.095,0.322,1.135,1.508,1.423,2.72,,0.482,1.181
2002-09-01,3.155,0.498,1.016,1.074,2.921,1.055,0.095,0.322,1.174,1.507,1.422,2.728,,0.471,1.158
2002-10-01,3.24,0.504,1.015,1.027,2.872,1.039,0.091,0.289,1.203,1.535,1.449,2.727,1.163,0.466,1.236
2002-11-01,3.211,0.505,1.054,1.044,2.882,1.08,0.089,0.291,1.221,1.534,1.448,2.719,0.998,0.461,1.43
2002-12-01,3.242,0.504,1.026,1.048,2.838,1.176,0.089,0.292,1.267,1.477,1.394,2.682,0.742,0.458,1.655
2003-01-01,3.195,0.526,1.042,1.004,2.999,1.175,0.089,0.316,1.396,1.557,1.473,2.686,0.713,0.441,1.711
2003-02-01,3.281,0.508,1.048,1.031,2.924,1.189,0.089,0.299,1.641,1.686,1.641,2.689,0.711,0.447,1.565
2003-03-01,3.216,0.513,1.042,1.049,2.933,1.209,0.089,0.319,1.766,1.791,1.748,2.656,0.728,0.44,1.619
2003-04-01,3.287,0.517,1.047,1.053,3.008,1.131,0.091,0.318,1.491,1.704,1.659,2.674,0.742,0.44,1.555
2003-05-01,3.086,0.505,1.001,1.031,2.937,1.009,0.092,0.327,1.372,1.587,1.542,2.685,0.8,0.429,1.401
2003-06-01,3.136,0.521,0.961,1.033,2.931,1.199,0.097,0.327,1.305,1.558,1.514,2.676,0.875,0.428,1.398
2003-07-01,3.155,0.514,1.002,1.027,2.944,1.15,0.098,0.328,1.279,1.567,1.524,2.708,,0.451,1.46
2003-08-01,3.229,0.514,0.996,1.023,2.921,1.277,0.098,0.329,1.283,1.671,1.628,2.666,,0.454,1.513
2003-09-01,3.219,0.494,0.994,1.022,2.919,1.257,0.098,0.317,1.284,1.771,1.728,2.904,,0.461,1.438
2003-10-01,3.161,0.49,0.969,1.022,2.825,1.33,0.093,0.288,1.297,1.646,1.603,2.905,1.141,0.463,1.436
2003-11-01,3.228,0.498,0.953,1.068,2.779,1.448,0.09,0.285,1.331,1.578,1.535,2.937,0.971,0.49,1.48
2003-12-01,3.182,0.504,0.954,1.05,2.875,1.559,0.09,0.287,1.36,1.538,1.494,2.947,0.862,0.482,1.533
2004-01-01,3.157,0.512,0.946,1.062,2.892,1.573,0.091,0.307,1.508,1.635,1.592,2.879,0.793,0.482,1.472
2004-02-01,3.189,0.504,0.943,1.06,2.856,1.583,0.091,0.302,1.558,1.715,1.672,2.814,0.725,0.487,1.51
2004-03-01,3.129,0.5,0.947,1.1,2.932,1.625,0.091,0.3,1.541,1.809,1.766,2.786,0.73,0.504,1.529
2004-04-01,3.196,0.505,0.974,1.12,2.908,1.562,0.091,0.283,1.519,1.875,1.833,2.906,0.744,0.503,1.519
2004-05-01,3.33,0.491,0.96,1.039,2.831,1.372,0.093,0.297,1.533,2.05,2.009,3.374,0.77,0.528,1.51
2004-06-01,3.42,0.498,0.979,1.06,2.75,1.311,0.099,0.312,1.537,2.083,2.041,3.574,0.878,0.538,1.331
2004-07-01,3.47,0.51,0.985,1.077,2.878,1.253,0.099,0.324,1.536,1.982,1.939,3.479,,0.56,1.253
2004-08-01,3.622,0.507,0.996,1.092,2.878,1.277,0.1,0.324,1.607,1.941,1.898,3.297,,0.556,1.312
2004-09-01,3.589,0.488,0.985,1.078,2.874,1.145,0.099,0.307,1.671,1.934,1.891,3.149,1.142,0.565,1.321
2004-10-01,3.606,0.485,0.972,1.078,2.84,1.089,0.094,0.299,1.882,2.072,2.029,3.161,,0.569,1.715
2004-11-01,3.438,0.469,0.976,1.039,2.778,1.085,0.092,0.291,1.958,2.053,2.01,3.219,1.08,0.572,2.337
2004-12-01,3.369,0.474,0.97,1.03,2.776,1.199,0.092,0.285,1.895,1.926,1.882,3.233,0.865,0.572,2.467
2005-01-01,3.367,0.485,0.997,1.026,3.049,1.211,0.094,0.325,1.859,1.866,1.823,3.304,0.838,0.597,1.66
2005-02-01,3.395,0.502,0.982,1.038,2.94,1.284,0.094,0.326,1.962,1.96,1.918,3.176,0.802,0.575,1.428
2005-03-01,3.355,0.507,1.002,1.061,3.009,1.132,0.094,0.326,2.078,2.107,2.065,3.226,0.783,0.57,1.548
2005-04-01,3.331,0.503,1.004,1.07,3.24,1.164,0.095,0.322,2.12,2.325,2.283,3.225,0.816,0.584,1.71
2005-05-01,3.56,0.497,1.086,1.052,3.329,1.185,0.097,0.329,2.036,2.257,2.216,3.207,0.899,0.552,1.911
2005-06-01,3.457,0.493,1.09,1.075,3.416,1.139,0.104,0.337,2.059,2.218,2.176,3.122,1.012,0.547,1.655
2005-07-01,3.478,0.494,1.067,1.067,3.334,1.165,0.105,0.34,2.173,2.357,2.316,3.09,,0.553,1.607
2005-08-01,3.442,0.487,1.06,1.042,3.482,1.166,0.105,0.341,2.276,2.548,2.506,3.136,,0.532,1.416
2005-09-01,3.404,0.485,1.052,1.056,3.376,1.279,0.106,0.329,2.593,2.969,2.927,3.133,1.363,0.544,1.429
2005-10-01,3.327,0.491,1.043,1.062,3.447,1.264,0.102,0.311,2.626,2.83,2.785,3.171,1.388,0.541,1.547
2005-11-01,3.262,0.48,1.055,1.059,3.293,1.279,0.102,0.298,2.458,2.387,2.343,3.211,1.172,0.53,1.574
2005-12-01,3.327,0.482,1.046,1.061,3.235,1.35,0.102,0.303,2.407,2.23,2.186,3.241,0.885,0.524,1.848
2006-01-01,3.364,0.49,1.046,1.062,3.232,1.449,0.108,0.328,2.418,2.359,2.315,3.197,0.837,0.532,2.162
2006-02-01,3.385,0.508,1.029,1.045,3.174,1.328,0.108,0.326,2.423,2.354,2.31,3.224,0.915,0.534,1.91
2006-03-01,3.396,0.508,1.04,1.047,3.301,1.302,0.109,0.326,2.429,2.444,2.401,3.161,0.888,0.534,1.649
2006-04-01,3.343,0.508,1.072,1.054,3.292,1.283,0.109,0.32,2.526,2.801,2.757,3.123,0.876,0.538,1.573
2006-05-01,3.309,0.514,1.086,1.034,3.349,1.206,0.11,0.331,2.572,2.993,2.947,3.066,0.99,0.549,1.543
2006-06-01,3.399,0.511,1.074,1.055,3.158,1.242,0.118,0.336,2.566,2.963,2.917,3.001,1.119,0.549,1.457
2006-07-01,3.508,0.508,1.071,1.04,3.154,1.213,0.118,0.339,2.597,3.046,2.999,3.083,1.27,0.561,1.479
2006-08-01,3.559,0.492,1.088,1.048,3.196,1.244,0.118,0.341,2.649,3.033,2.985,3.019,,0.565,1.488
2006-09-01,3.552,0.479,1.083,1.063,3.173,1.254,0.118,0.341,2.531,2.637,2.589,3.049,1.483,0.55,1.908
2006-10-01,3.61,0.489,1.097,1.038,3.138,1.257,0.112,0.321,2.396,2.319,2.272,3.064,1.423,0.568,2.188
2006-11-01,3.444,0.498,1.143,1.049,3.158,1.354,0.11,0.317,2.375,2.287,2.241,2.985,1.2,0.555,1.784
2006-12-01,3.458,0.499,1.137,1.057,3.113,1.543,0.11,0.318,2.46,2.38,2.334,3.004,0.958,0.555,1.639
2007-01-01,3.51,0.505,1.153,1.033,3.288,1.549,0.113,0.346,2.368,2.321,2.274,3.067,1.092,0.563,1.621
2007-02-01,3.566,0.507,1.168,1.039,3.456,1.746,0.113,0.356,2.425,2.333,2.285,3.083,1.375,0.554,1.644
2007-03-01,3.464,0.51,1.161,1.064,3.475,1.634,0.113,0.357,2.505,2.639,2.592,3.072,1.301,0.548,1.555
2007-04-01,3.496,0.517,1.201,1.115,3.437,1.616,0.113,0.354,2.555,2.909,2.86,3.135,1.243,0.556,1.63
2007-05-01,3.651,0.503,1.192,1.118,3.308,1.504,0.115,0.351,2.567,3.176,3.13,3.259,1.268,0.544,1.685
2007-06-01,3.657,0.512,1.193,1.134,3.407,1.373,0.122,0.35,2.561,3.1,3.052,3.427,1.321,0.529,1.51
2007-07-01,3.723,0.509,1.209,1.13,3.529,1.502,0.122,0.353,2.621,3.013,2.961,3.736,,0.547,1.486
2007-08-01,3.798,0.506,1.21,1.145,3.497,1.634,0.121,0.355,2.634,2.833,2.782,3.807,1.5,0.551,1.485
2007-09-01,3.784,0.505,1.212,1.142,,1.825,0.121,0.36,2.706,2.839,2.789,3.841,1.503,0.546,1.496
2007-10-01,3.883,0.508,1.274,1.135,,1.771,0.117,0.355,2.808,2.843,2.793,3.838,1.542,0.555,1.649
2007-11-01,3.656,0.515,1.235,1.161,3.607,1.862,0.115,0.388,3.169,3.118,3.069,3.904,1.079,0.544,1.851
2007-12-01,3.688,0.525,1.28,1.166,3.685,2.099,0.115,0.398,3.247,3.069,3.02,3.87,0.905,0.551,2.147
2008-01-01,3.652,0.521,1.281,1.163,,2.175,0.116,0.421,3.337,3.096,3.047,3.871,0.905,0.568,2.032
2008-02-01,3.62,0.54,1.321,1.159,,2.168,0.116,0.455,3.338,3.083,3.033,3.869,0.887,0.583,1.735
2008-03-01,3.623,0.597,1.35,1.168,,2.203,0.116,0.489,3.699,3.307,3.258,3.781,0.898,0.584,1.835
2008-04-01,3.554,0.627,1.373,1.176,,2.069,0.118,0.518,3.875,3.491,3.441,3.799,0.931,0.608,1.773
2008-05-01,3.637,0.63,1.37,1.194,,1.93,0.12,0.534,4.185,3.813,3.764,3.76,1.008,0.704,1.675
2008-06-01,3.655,0.633,1.373,1.181,,1.92,0.128,0.529,4.589,4.115,4.065,3.773,1.136,0.753,1.814
2008-07-01,3.605,0.627,1.384,1.191,,2.011,0.131,0.544,4.649,4.142,4.09,3.961,1.291,0.795,1.713
2008-08-01,3.842,0.634,1.381,1.223,,1.854,0.132,0.539,4.217,3.838,3.786,3.886,1.452,0.854,1.694
2008-09-01,3.725,0.631,1.379,1.214,,1.978,0.13,0.532,3.952,3.749,3.698,3.773,1.471,0.853,1.591
2008-10-01,3.745,0.629,1.393,1.205,,1.858,0.126,0.521,3.544,3.225,3.173,3.656,1.428,0.856,1.611
2008-11-01,3.597,0.626,1.377,1.304,,1.838,0.123,0.494,3.003,2.208,2.151,3.734,1.055,0.82,1.722
2008-12-01,3.67,0.617,1.415,1.305,,1.834,0.124,0.504,2.637,1.742,1.689,3.681,0.934,0.813,1.734
2009-01-01,3.73,0.629,1.381,1.292,,1.85,0.126,0.517,2.509,1.838,1.787,3.575,0.896,0.797,1.661
2009-02-01,3.62,0.641,1.404,1.29,,1.795,0.126,0.509,2.451,1.979,1.928,3.319,0.912,0.783,1.556
2009-03-01,3.59,0.634,1.41,1.301,,1.693,0.126,0.503,2.319,2,1.949,3.116,0.889,0.774,1.511
2009-04-01,3.581,0.629,1.395,1.296,,1.774,0.125,0.485,2.354,2.107,2.056,3.084,0.91,0.757,1.591
2009-05-01,3.663,0.622,1.413,1.304,,1.501,0.126,0.515,2.344,2.314,2.265,3.068,0.963,0.773,1.584
2009-06-01,3.621,0.617,1.385,1.282,,1.529,0.132,0.516,2.449,2.681,2.631,3.009,1.06,0.766,1.604
2009-07-01,3.64,0.616,1.391,1.261,,1.495,0.131,0.519,2.452,2.594,2.543,2.992,1.191,0.756,1.618
2009-08-01,3.588,0.611,1.375,1.287,,1.632,0.13,0.517,2.559,2.677,2.627,2.979,1.222,0.752,1.528
2009-09-01,3.592,0.605,1.34,1.258,,1.627,0.13,0.51,2.553,2.626,2.574,2.981,1.255,0.76,1.538
2009-10-01,3.603,0.598,1.392,1.244,,1.595,0.126,0.5,2.603,2.613,2.561,3.046,1.262,0.751,1.595
2009-11-01,3.498,0.561,1.373,1.256,,1.705,0.124,0.458,2.79,2.709,2.66,3.034,1.113,0.768,1.726
2009-12-01,3.57,0.571,1.39,1.267,3.669,1.772,0.124,0.464,2.788,2.671,2.621,3.105,0.932,0.751,1.961
2010-01-01,3.63,0.586,1.36,1.265,3.811,1.789,0.124,0.491,2.967,2.779,2.731,3.236,0.899,0.754,1.837
2010-02-01,3.642,0.587,1.361,1.265,3.736,1.872,0.123,0.496,2.89,2.709,2.659,3.203,0.87,0.759,1.765
2010-03-01,3.669,0.575,1.368,1.231,3.565,1.822,0.125,0.479,2.908,2.829,2.78,3.188,0.858,0.764,2.007
2010-04-01,3.643,0.58,1.363,1.23,3.641,1.779,0.126,0.473,2.981,2.906,2.858,3.14,0.871,0.759,2.132
2010-05-01,3.862,0.571,1.359,1.259,3.664,1.523,0.127,0.485,2.913,2.915,2.869,3.178,0.952,0.746,1.918
2010-06-01,4.046,0.577,1.383,1.239,3.697,1.494,0.132,0.484,2.828,2.783,2.736,3.297,1.096,0.739,1.586
2010-07-01,4.213,0.583,1.36,1.28,3.857,1.441,0.133,0.484,2.8,2.783,2.736,3.313,1.149,0.749,1.544
2010-08-01,4.353,0.576,1.372,1.254,3.935,1.519,0.133,0.489,2.814,2.795,2.745,3.303,1.242,0.743,1.405
2010-09-01,4.574,0.573,1.386,1.276,4.174,1.753,0.132,0.483,2.83,2.754,2.704,3.278,1.302,0.723,1.503
2010-10-01,4.773,0.58,1.407,1.302,4.175,1.456,0.127,0.472,2.936,2.843,2.795,3.321,1.281,0.714,1.502
2010-11-01,4.697,0.581,1.375,1.277,4.467,1.675,0.125,0.446,3.044,2.899,2.852,3.327,1.2,0.71,1.519
2010-12-01,4.16,0.587,1.386,1.28,4.146,1.793,0.125,0.441,3.193,3.031,2.985,3.318,1.021,0.728,1.591
2011-01-01,4.25,0.596,1.401,1.241,4.417,1.806,0.125,0.477,3.415,3.139,3.091,3.301,1.052,0.742,1.59
2011-02-01,4.366,0.625,1.398,1.266,4.218,1.708,0.125,0.494,3.607,3.215,3.167,3.357,0.989,0.747,1.832
2011-03-01,4.537,0.621,1.415,1.269,4.642,1.732,0.127,0.508,3.827,3.594,3.546,3.503,0.957,0.745,2.086
2011-04-01,4.662,0.621,1.42,1.261,5.101,1.727,0.127,0.5,3.975,3.863,3.816,3.597,0.926,0.734,2.27
2011-05-01,4.77,0.617,1.472,1.302,5.129,1.692,0.129,0.521,3.914,3.982,3.933,3.653,0.916,0.767,1.794
2011-06-01,4.84,0.614,1.49,1.305,5.234,1.683,0.134,0.528,3.824,3.753,3.702,3.622,1.014,0.755,1.559
2011-07-01,4.755,0.611,1.513,1.306,5.547,1.647,0.135,0.533,3.689,3.703,3.654,3.654,1.078,0.716,1.442
2011-08-01,4.77,0.606,1.474,1.296,5.766,1.711,0.135,0.537,3.671,3.68,3.63,3.713,1.268,0.715,1.42
2011-09-01,4.819,0.607,1.477,1.294,5.651,1.947,0.135,0.55,3.654,3.664,3.612,3.715,1.438,0.719,1.503
2011-10-01,4.586,0.607,1.457,1.312,5.511,1.871,0.13,0.542,3.642,3.521,3.468,3.622,1.386,0.767,1.465
2011-11-01,4.637,0.598,1.399,1.304,5.636,1.836,0.128,0.517,3.682,3.475,3.423,3.557,1.142,0.752,1.516
2011-12-01,4.55,0.599,1.42,1.34,5.437,1.874,0.127,0.51,3.646,3.329,3.278,3.565,0.983,0.729,1.531
2012-01-01,4.571,0.604,1.423,1.334,5.497,1.939,0.128,0.528,3.697,3.447,3.399,3.583,0.929,0.739,1.542
2012-02-01,4.655,0.603,1.442,1.356,5.382,1.798,0.128,0.528,3.804,3.622,3.572,3.52,0.852,0.718,1.433
2012-03-01,4.6,0.607,1.395,1.372,5.558,1.774,0.127,0.519,3.909,3.918,3.868,3.499,0.85,0.7,1.452
2012-04-01,4.533,0.603,1.426,1.401,5.513,1.829,0.127,0.515,3.858,3.976,3.927,3.474,0.91,0.696,1.388
2012-05-01,4.385,0.599,1.412,1.347,5.596,1.691,0.129,0.513,3.749,3.839,3.792,3.427,0.968,0.677,1.336
2012-06-01,4.326,0.605,1.403,1.39,5.582,1.67,0.135,0.519,3.513,3.602,3.552,3.396,1.032,0.681,1.492
2012-07-01,4.365,0.604,1.427,1.454,5.723,1.648,0.133,0.516,3.492,3.502,3.451,3.428,1.127,0.681,1.506
2012-08-01,4.609,0.595,1.407,1.433,5.693,1.884,0.133,0.531,3.66,3.759,3.707,3.474,1.283,0.683,1.44
2012-09-01,4.692,0.597,1.401,1.455,5.693,1.889,0.133,0.528,3.817,3.908,3.856,3.469,1.296,0.684,1.384
2012-10-01,4.661,0.602,1.422,1.53,5.888,1.96,0.128,0.509,3.847,3.839,3.786,3.524,1.254,0.685,1.443
2012-11-01,4.64,0.6,1.418,1.512,6.066,1.963,0.127,0.497,3.847,3.542,3.488,3.536,1.102,0.704,1.469
2012-12-01,4.639,0.606,1.436,1.482,5.921,2.007,0.127,0.5,3.844,3.386,3.331,3.58,1.035,0.714,1.594
2013-01-01,4.722,0.609,1.422,1.497,5.902,1.933,0.129,0.524,3.841,3.407,3.351,3.526,0.991,0.715,1.545
2013-02-01,4.831,0.611,1.411,1.456,5.742,1.965,0.129,0.524,3.965,3.748,3.693,3.48,0.998,0.708,1.497
2013-03-01,4.909,0.609,1.412,1.471,6.014,1.925,0.128,0.499,3.879,3.792,3.735,3.431,0.988,0.714,1.493
2013-04-01,4.887,0.597,1.409,1.473,5.674,1.918,0.128,0.522,3.701,3.647,3.59,3.428,0.981,0.724,1.46
2013-05-01,5.092,0.603,1.401,1.466,5.678,1.87,0.131,0.53,3.599,3.682,3.623,3.441,1.048,0.702,1.454
2013-06-01,5.334,0.603,1.439,1.509,5.588,1.859,0.137,0.533,3.569,3.693,3.633,3.458,1.147,0.723,1.47
2013-07-01,5.494,0.602,1.434,1.484,5.394,1.833,0.137,0.53,3.604,3.687,3.628,3.449,1.287,0.721,1.43
2013-08-01,5.618,0.595,1.408,1.489,5.214,1.838,0.137,0.529,3.651,3.658,3.6,3.448,1.377,0.737,1.509
2013-09-01,5.68,0.601,1.419,1.528,5.091,1.897,0.137,0.522,3.694,3.616,3.556,3.428,1.334,0.741,1.566
2013-10-01,5.708,0.586,1.358,1.543,5.149,1.925,0.132,0.516,3.684,3.434,3.375,3.462,1.328,0.734,
2013-11-01,5.615,0.587,1.382,1.518,5.04,1.925,0.13,0.517,3.683,3.31,3.251,3.491,1.201,0.729,1.7
2013-12-01,5.544,0.592,1.385,1.52,4.948,2.026,0.131,0.513,3.772,3.333,3.277,3.501,1.129,0.735,1.727
2014-01-01,5.563,0.595,1.365,1.529,5.025,2.008,0.134,0.543,3.904,3.378,3.32,3.552,1.118,0.731,1.702
2014-02-01,5.461,0.599,1.388,1.504,5.002,1.998,0.134,0.555,4.072,3.422,3.364,3.561,1.146,0.732,1.672
2014-03-01,5.552,0.597,1.359,1.544,5.005,2.061,0.135,0.551,3.952,3.59,3.532,3.669,1.212,0.733,1.632
2014-04-01,5.69,0.597,1.388,1.53,5.204,2.119,0.131,0.547,3.83,3.717,3.659,3.687,1.261,0.75,1.622
2014-05-01,6.048,0.603,1.401,1.556,5.153,1.996,0.136,0.532,3.815,3.745,3.691,3.735,1.342,0.739,1.629
2014-06-01,6.106,0.607,1.4,1.503,4.67,1.948,0.143,0.532,3.779,3.75,3.695,3.626,1.299,0.742,1.675
2014-07-01,6.009,0.606,1.413,1.495,5.099,1.95,0.143,0.527,3.753,3.69,3.633,3.645,1.39,0.758,1.633
2014-08-01,6.068,0.608,1.396,1.572,5.167,1.979,0.143,0.531,3.705,3.54,3.481,3.673,1.467,0.737,1.544
2014-09-01,5.953,0.606,1.405,1.543,5.215,1.97,0.141,0.513,3.642,3.463,3.403,3.732,1.486,0.746,1.546
2014-10-01,5.759,0.582,1.414,1.549,5.032,1.951,0.136,0.501,3.515,3.241,3.182,3.766,1.508,0.723,1.695
2014-11-01,5.574,0.592,1.42,1.533,4.713,2.032,0.134,0.515,3.384,2.945,2.887,3.858,1.352,0.717,1.948
2014-12-01,5.531,0.585,1.466,1.541,4.59,2.21,0.135,0.511,3.138,2.618,2.56,3.82,1.246,0.7,2.189
2015-01-01,5.589,0.583,1.479,1.546,4.738,2.113,0.138,0.545,2.811,2.17,2.11,3.758,1.195,0.692,2.089
2015-02-01,5.472,0.591,1.435,1.55,4.91,2.088,0.138,0.525,2.864,2.308,2.249,3.496,1.185,0.689,1.849
2015-03-01,5.367,0.593,1.44,1.545,4.827,2.133,0.136,0.518,3.019,2.544,2.483,3.463,1.201,0.67,1.819
2015-04-01,5.211,0.597,1.454,1.539,4.99,2.065,0.137,0.509,2.755,2.545,2.485,3.397,1.165,0.67,1.847
2015-05-01,4.94,0.582,1.463,1.483,4.715,1.962,0.137,0.52,2.788,2.832,2.775,3.387,1.208,0.676,1.74
2015-06-01,5.059,0.574,1.467,1.515,4.686,2.57,0.143,0.519,2.743,2.889,2.832,3.366,1.274,0.691,1.708
2015-07-01,5.184,0.581,1.447,1.487,4.79,2.57,0.142,0.515,2.651,2.893,2.832,3.43,1.38,0.673,1.777
2015-08-01,5.41,0.58,1.42,1.428,4.808,2.943,0.142,0.524,2.437,2.745,2.679,3.389,1.493,0.669,1.737
2015-09-01,5.734,0.58,1.432,1.415,4.669,2.966,0.141,0.517,2.376,2.463,2.394,3.392,1.48,0.662,1.775
2015-10-01,5.899,0.577,1.418,1.43,4.609,2.808,0.136,0.511,2.35,2.357,2.289,3.338,1.514,0.69,1.844
2015-11-01,5.847,0.575,1.409,1.484,4.412,2.664,0.134,0.496,2.302,2.249,2.185,3.299,1.329,0.732,1.977
2015-12-01,5.734,0.58,1.428,1.437,4.486,2.751,0.133,0.501,2.114,2.125,2.06,3.31,1.229,0.711,1.932
2016-01-01,5.656,0.581,1.425,1.429,4.498,2.328,0.134,0.522,1.97,2.034,1.967,3.313,1.196,0.709,2.528
2016-02-01,5.394,0.573,1.407,1.478,4.447,2.267,0.134,0.522,1.923,1.833,1.767,3.23,1.194,0.707,2.316
2016-03-01,5.494,0.586,1.416,1.463,4.405,2.081,0.134,0.512,1.947,2.021,1.958,3.187,1.188,0.711,1.941
2016-04-01,5.613,0.574,1.406,1.496,4.428,1.793,0.134,0.521,1.989,2.196,2.134,3.155,1.176,0.703,1.862
2016-05-01,5.552,0.57,1.382,1.489,4.443,1.684,0.133,0.525,2.097,2.324,2.264,3.157,1.148,0.747,1.695
2016-06-01,5.374,0.569,1.333,1.408,4.481,1.491,0.138,0.529,2.155,2.422,2.363,3.115,1.186,0.734,1.709
2016-07-01,5.454,0.567,1.349,1.445,4.428,1.546,0.139,0.543,2.13,2.287,2.225,3.062,1.268,0.74,1.635
2016-08-01,5.448,0.562,1.341,1.426,4.316,1.455,0.139,0.546,2.073,2.218,2.155,3.141,1.365,0.729,1.685
2016-09-01,5.481,0.575,1.329,1.487,4.372,1.471,0.139,0.547,2.122,2.269,2.208,3.229,1.41,0.721,1.786
2016-10-01,5.375,0.57,1.343,1.502,4.309,1.39,0.134,0.523,2.288,2.304,2.243,3.292,1.412,0.697,1.994
2016-11-01,5.106,0.573,1.362,1.478,4.306,1.321,0.131,0.507,2.256,2.246,2.187,3.28,1.239,0.703,1.984
2016-12-01,5.102,0.576,1.362,1.463,4.281,1.383,0.133,0.503,2.394,2.289,2.23,3.29,1.169,0.693,1.972
2017-01-01,5.18,0.573,1.351,1.418,4.468,1.599,0.134,0.53,2.482,2.409,2.351,3.318,1.186,0.7,2.048
2017-02-01,5.334,0.573,1.358,1.473,4.583,1.464,0.135,0.526,2.474,2.36,2.299,3.3,1.191,0.695,1.93
2017-03-01,5.745,0.571,1.329,1.462,4.65,1.404,0.134,0.531,2.449,2.386,2.323,3.315,1.18,0.692,1.943
2017-04-01,5.775,0.571,1.328,1.444,4.622,1.409,0.135,0.516,2.438,2.479,2.418,3.259,1.174,0.686,1.902
2017-05-01,5.699,0.564,1.327,1.499,4.597,1.414,0.137,0.517,2.378,2.448,2.386,3.242,1.226,0.726,1.867
2017-06-01,5.665,0.572,1.335,1.497,4.545,1.332,0.142,0.507,2.284,2.4,2.337,3.213,1.346,0.752,1.873
2017-07-01,5.819,0.565,1.327,1.496,4.335,1.333,0.143,0.512,2.215,2.344,2.281,3.219,1.462,0.764,1.952
2017-08-01,6.241,0.561,1.348,1.489,4.373,1.367,0.142,0.512,2.292,2.436,2.374,3.168,1.453,0.753,1.846
2017-09-01,6.366,0.544,1.349,1.48,4.323,1.422,0.142,0.505,2.481,2.688,2.63,3.209,1.48,0.741,1.828
2017-10-01,6.066,0.548,1.328,1.484,4.327,1.54,0.137,0.5,2.52,2.545,2.484,3.158,1.59,0.723,1.813
2017-11-01,5.708,0.551,1.295,1.451,4.324,1.506,0.136,0.469,2.633,2.608,2.548,3.15,1.486,0.712,1.933
2017-12-01,5.629,0.558,1.316,1.47,4.285,1.815,0.136,0.462,2.703,2.521,2.459,3.155,1.315,0.711,2.237
2018-01-01,5.654,0.568,1.281,1.509,4.291,1.769,0.135,0.471,2.902,2.596,2.539,2.961,1.326,0.682,2.336
2018-02-01,5.533,0.574,1.265,1.478,4.267,1.755,0.135,0.47,2.856,2.632,2.575,2.923,1.339,0.691,2.026
2018-03-01,5.527,0.582,1.309,1.502,4.343,1.831,0.135,0.468,2.827,2.631,2.572,2.903,1.305,0.682,1.868
2018-04-01,5.421,0.578,1.281,1.511,4.313,2.081,0.134,0.472,2.875,2.795,2.737,2.924,1.291,0.685,1.802
2018-05-01,5.452,0.575,1.293,1.523,4.294,1.987,0.136,0.469,3.132,2.963,2.907,2.919,1.348,0.698,1.675
2018-06-01,5.247,0.575,1.279,1.514,,1.628,0.139,0.469,3.132,2.97,2.914,2.877,1.409,0.689,1.706
2018-07-01,5.418,0.575,1.293,1.519,,1.725,0.139,0.468,3.22,2.93,2.873,2.839,1.538,0.69,1.887
2018-08-01,5.577,0.569,1.302,1.511,,1.622,0.139,0.464,3.229,2.919,2.862,2.871,1.559,0.705,1.737
2018-09-01,5.501,0.573,1.288,1.487,4.306,1.651,0.138,0.467,3.279,2.93,2.873,2.89,1.511,0.693,1.826
2018-10-01,5.37,0.574,1.277,1.444,,1.66,0.136,0.453,3.381,2.945,2.887,2.913,1.502,0.685,1.901
2018-11-01,5.392,0.566,1.274,1.501,,1.596,0.134,0.433,3.286,2.733,2.671,2.877,1.437,0.711,2.057
2018-12-01,5.502,0.577,1.29,1.466,,1.595,0.135,0.437,2.951,2.479,2.414,2.853,1.389,0.712,2.175
2019-01-01,5.518,0.576,1.274,1.473,,1.554,0.135,0.439,2.934,2.352,2.289,2.913,1.344,0.73,2.227
2019-02-01,5.502,0.571,1.282,1.486,,1.557,0.136,0.443,3.03,2.412,2.353,2.9,1.298,0.762,2.068
2019-03-01,5.608,0.581,1.261,1.468,,1.544,0.135,0.445,3.05,2.62,2.564,2.944,1.346,0.757,2.079
2019-04-01,5.552,0.567,1.285,1.463,,1.463,0.135,0.434,3.103,2.894,2.835,2.98,1.28,0.767,1.947
2019-05-01,5.812,0.579,1.289,1.479,,1.362,0.136,0.454,3.03,2.963,2.901,2.963,1.331,0.761,1.823
2019-06-01,5.878,0.574,1.28,1.59,,1.203,0.139,0.448,2.946,2.814,2.752,3.054,1.296,0.801,1.812
2019-07-01,5.701,0.569,1.281,1.562,,1.243,0.14,0.454,2.932,2.836,2.776,3.031,1.411,0.798,1.799
2019-08-01,5.576,0.578,1.275,1.514,,1.219,0.139,0.45,2.87,2.716,2.655,3.045,1.442,0.793,1.864
2019-09-01,5.571,0.569,1.296,1.487,,1.383,0.139,0.449,2.894,2.694,2.63,3.102,1.426,0.797,1.911
2019-10-01,5.653,0.573,1.325,1.538,4.174,1.282,0.136,0.432,3.008,2.741,2.673,3.119,1.47,0.773,1.779
2019-11-01,5.505,0.573,1.361,1.43,4.197,1.405,0.133,0.417,2.984,2.687,2.62,3.189,1.429,0.721,1.903
2019-12-01,5.474,0.573,1.363,1.45,4.053,1.535,0.133,0.429,3.035,2.652,2.587,3.188,1.327,0.714,1.954
2020-01-01,5.505,0.57,1.351,1.409,4.174,1.461,0.134,0.438,3.052,2.631,2.567,3.253,1.244,0.716,2.221
2020-02-01,5.497,0.574,1.375,1.362,4.25,1.449,0.134,0.438,2.812,2.53,2.465,3.196,1.218,0.734,2.197
2020-03-01,5.257,0.576,1.374,1.4,4.334,1.525,0.134,0.442,2.405,2.334,2.267,3.248,1.174,0.733,
2020-04-01,5.346,0.581,1.406,1.571,4.396,2.019,0.133,,2.044,1.946,1.876,3.267,,,
2020-05-01,5.348,0.589,1.412,,4.466,1.64,0.134,0.461,1.905,1.946,1.879,3.21,1.209,0.748,1.851
2020-06-01,5.772,0.588,1.474,1.747,4.517,1.554,0.137,0.468,2.057,2.141,2.076,3.198,1.296,0.749,1.922
2020-07-01,5.776,0.58,1.485,1.712,4.536,1.401,0.137,0.461,2.134,2.243,2.176,3.255,,0.772,1.977
2020-08-01,5.559,0.576,1.495,1.609,4.504,1.328,0.137,0.459,2.161,2.245,2.177,3.406,,0.769,1.874
2020-09-01,,,,,,,,,,,,,,,
2020-10-01,,,,,,,,,,,,,,,
2020-11-01,,,,,,,,,,,,,,,
2020-12-01,,,,,,,,,,,,,,,
